{"cameraMode":{"drawMode":0,"name":"Shaded","section":"Shading Mode"},"sceneLighting":true,"audioPlay":false,"sceneViewState":{"showFog":true,"showMaterialUpdate":false,"showSkybox":true,"showFlares":true,"showImageEffects":true,"showParticleSystems":true},"in2DMode":false,"pivot":{"x":-3.569999933242798,"y":1.7063051462173463,"z":-0.513713538646698},"rotation":{"x":0.13426779210567475,"y":0.6711072325706482,"z":-0.1254582554101944,"w":0.7182273864746094},"size":5.126128673553467,"orthographic":false}