{"cameraMode":{"drawMode":0,"name":"Shaded","section":"Shading Mode"},"sceneLighting":true,"audioPlay":false,"sceneViewState":{"showFog":true,"showMaterialUpdate":false,"showSkybox":true,"showFlares":true,"showImageEffects":true,"showParticleSystems":true},"in2DMode":false,"pivot":{"x":24.143390655517579,"y":-0.025182649493217469,"z":-5.559464454650879},"rotation":{"x":-0.08584228903055191,"y":0.8656065464019775,"z":-0.15913300216197968,"w":-0.4669422507286072},"size":63.195343017578128,"orthographic":false}